space_id,name,category,placement_rule,stack_eligible,dimensions,dependencies,activities,unlock_challenge,layout,bathroom_rule,breakdown_design,decision,source,priority
kitchen,Kitchen / entrance,standard,fixed base / entrance,True,110x35,none,Cook; snack; tidy; greet; feed cat,"Day-one essential, never quiz-gated",Door left; fridge and range centre; tools and bowl right,Nearest available toilet/wash point within about 3 bands; rear WC may be added after saved random placement. Never disable all essential fixtures.,"Owned interactive machinery: local failure blocks that item, shared 1-pixel casing wobble + smoke + occasional sparks; repair loop 25 game min currently. Essential care always has an alternative. Inventory and savings survive faults.",locked,docs/PRODUCTION_ASSET_KIT.md; docs/CODEX_BRIEF.md,P0
living,Living room,standard,saved random middle slot,True,110x35,none,TV; reading; music; sofa nap,Day-one relaxation,TV left; shelf centre; piano right; sofa foreground,Nearest available toilet/wash point within about 3 bands; rear WC may be added after saved random placement. Never disable all essential fixtures.,"Owned interactive machinery: local failure blocks that item, shared 1-pixel casing wobble + smoke + occasional sparks; repair loop 25 game min currently. Essential care always has an alternative. Inventory and savings survive faults.",locked,docs/PRODUCTION_ASSET_KIT.md; docs/CODEX_BRIEF.md,P0
bedroom,Bedroom with en suite,standard,immediately beneath lamp; moves with tower,True,110x35,none,Sleep; call; diary; wash; loo,Day-one essentials,Bed left; phone and desk centre; partition at x74; bathroom right,Nearest available toilet/wash point within about 3 bands; rear WC may be added after saved random placement. Never disable all essential fixtures.,"Owned interactive machinery: local failure blocks that item, shared 1-pixel casing wobble + smoke + occasional sparks; repair loop 25 game min currently. Essential care always has an alternative. Inventory and savings survive faults.",locked,docs/PRODUCTION_ASSET_KIT.md; docs/CODEX_BRIEF.md,P0
lamp,Lamp room / inset lantern cap,lantern_cap,always topmost,False,95x35,none,Light and polish lamp; spot ships,Day-one ship-safety duty,Inset glazed iron lantern chamber; lamp centre; wraparound external walkway and telescope; no full-width domestic room,Shared nearest-fixture rule; boiler failure permits cold washing and leaves toilets usable.,"Owned interactive machinery: local failure blocks that item, shared 1-pixel casing wobble + smoke + occasional sparks; repair loop 25 game min currently. Essential care always has an alternative. Inventory and savings survive faults.",locked,docs/PRODUCTION_ASSET_KIT.md; docs/CODEX_BRIEF.md,P0
aquarium,Aquarium,standard,saved random middle slot,True,110x35,Fishy Business mission; fish specimens,Feed fish; balance habitat; study sea life,Current Fishy Business mission; proposed varied habitat match and tank-balance puzzle,Tank left/centre; feed station right; clear floor lane,Nearest available toilet/wash point within about 3 bands; rear WC may be added after saved random placement. Never disable all essential fixtures.,"Owned interactive machinery: local failure blocks that item, shared 1-pixel casing wobble + smoke + occasional sparks; repair loop 25 game min currently. Essential care always has an alternative. Inventory and savings survive faults.",runtime hook; ecology mini-game proposal,docs/FOR_CODEX.md; docs/EXPANSION_DESIGN.md,P1
workshop,Workshop,standard,saved random middle slot,True,110x35,breakdowns,Repair; choose parts; build inventions,Repair distinct fault types; choose tools; assemble a working mechanism,Parts drawers left; workbench centre; test jig right,Nearest available toilet/wash point within about 3 bands; rear WC may be added after saved random placement. Never disable all essential fixtures.,"Owned interactive machinery: local failure blocks that item, shared 1-pixel casing wobble + smoke + occasional sparks; repair loop 25 game min currently. Essential care always has an alternative. Inventory and savings survive faults.",review: global fault reduction needs playtesting,docs/EXPANSION_DESIGN.md,P1
weather,Weather station,standard,saved random middle slot,True,110x35,none,Forecast; record rain and wind; warn ships,Observe weather at distinct times; interpret chart; issue correct warning,Gauge left; chart centre; radio right; external sensor feed,Nearest available toilet/wash point within about 3 bands; rear WC may be added after saved random placement. Never disable all essential fixtures.,"Owned interactive machinery: local failure blocks that item, shared 1-pixel casing wobble + smoke + occasional sparks; repair loop 25 game min currently. Essential care always has an alternative. Inventory and savings survive faults.",locked geometry; future forecast simulation proposal,docs/EXPANSION_DESIGN.md,P1
marine_lab,Marine laboratory,standard,saved random middle slot,True,110x35,aquarium; specimens from fishing or diving,Microscopy; habitat research; water testing,Match specimens to habitats; examine sample; balance water,Sample shelves left; microscope centre; test sink right,Nearest available toilet/wash point within about 3 bands; rear WC may be added after saved random placement. Never disable all essential fixtures.,"Owned interactive machinery: local failure blocks that item, shared 1-pixel casing wobble + smoke + occasional sparks; repair loop 25 game min currently. Essential care always has an alternative. Inventory and savings survive faults.",review: separate lab or aquarium specialization,docs/EXPANSION_DESIGN.md,P2
radio_room,Radio room,standard,saved random middle slot,True,110x35,power; aerial,Decode; rescue calls; relay locations,Repair aerial; decode short signal; relay chart location,Radio desk centre; signal board left; map right,Nearest available toilet/wash point within about 3 bands; rear WC may be added after saved random placement. Never disable all essential fixtures.,"Owned interactive machinery: local failure blocks that item, shared 1-pixel casing wobble + smoke + occasional sparks; repair loop 25 game min currently. Essential care always has an alternative. Inventory and savings survive faults.",review: standalone or weather-room expansion,docs/EXPANSION_DESIGN.md,P2
map_room,Map and chart room,standard,saved random middle slot,True,110x35,sightings; boat for routes,Plot routes; discover islands; chart rocks,Orient recovered fragments; plot one safe route,Chart table centre; map archive left; route pins right,Nearest available toilet/wash point within about 3 bands; rear WC may be added after saved random placement. Never disable all essential fixtures.,"Owned interactive machinery: local failure blocks that item, shared 1-pixel casing wobble + smoke + occasional sparks; repair loop 25 game min currently. Essential care always has an alternative. Inventory and savings survive faults.",approved idea,docs/EXPANSION_DESIGN.md,P2
observatory,Observatory,standard,saved random middle slot,True,110x35,night sky; power optional,Stars; moon phases; direction puzzles,Identify constellations; use North Star to find a bearing,Scope left; star chart centre; moon dial right,Nearest available toilet/wash point within about 3 bands; rear WC may be added after saved random placement. Never disable all essential fixtures.,"Owned interactive machinery: local failure blocks that item, shared 1-pixel casing wobble + smoke + occasional sparks; repair loop 25 game min currently. Essential care always has an alternative. Inventory and savings survive faults.",approved idea; no fixed height,docs/EXPANSION_DESIGN.md,P2
library,Library,standard,saved random middle slot,True,110x35,bookshelf migration,Stories; lighthouse history; practical research,Recover and sort books; solve a repair using a passage,Migrated shelf left; reading desk centre; clue cabinet right,Nearest available toilet/wash point within about 3 bands; rear WC may be added after saved random placement. Never disable all essential fixtures.,"Owned interactive machinery: local failure blocks that item, shared 1-pixel casing wobble + smoke + occasional sparks; repair loop 25 game min currently. Essential care always has an alternative. Inventory and savings survive faults.",approved idea,docs/EXPANSION_DESIGN.md,P2
music,Music room,standard,saved random middle slot,True,110x35,piano migration,Melodies; rhythm; visitor concert,Copy melody; identify sounds; perform for visitor,Piano left; percussion centre; accordion and record player right,Nearest available toilet/wash point within about 3 bands; rear WC may be added after saved random placement. Never disable all essential fixtures.,"Owned interactive machinery: local failure blocks that item, shared 1-pixel casing wobble + smoke + occasional sparks; repair loop 25 game min currently. Essential care always has an alternative. Inventory and savings survive faults.",approved idea,docs/EXPANSION_DESIGN.md,P2
artist,Artist studio,standard,saved random middle slot,True,110x35,world colour discoveries,Paint; mix colours; pottery; decorate rooms,Mix two colours; make visitor picture; fire clay safely,Easel left; mixing table centre; pottery wheel right,Nearest available toilet/wash point within about 3 bands; rear WC may be added after saved random placement. Never disable all essential fixtures.,"Owned interactive machinery: local failure blocks that item, shared 1-pixel casing wobble + smoke + occasional sparks; repair loop 25 game min currently. Essential care always has an alternative. Inventory and savings survive faults.",approved idea; kiln powered,docs/EXPANSION_DESIGN.md,P2
computer,Curated computer room,standard,saved random middle slot,True,110x35,power; desk migration,Fictional mail; newspaper; forecasts; research; games,Order a reply; interpret a headline; research a practical task,Computer and migrated desk centre; message slots left; printer right,Nearest available toilet/wash point within about 3 bands; rear WC may be added after saved random placement. Never disable all essential fixtures.,"Owned interactive machinery: local failure blocks that item, shared 1-pixel casing wobble + smoke + occasional sparks; repair loop 25 game min currently. Essential care always has an alternative. Inventory and savings survive faults.",locked curated content; no live internet,docs/EXPANSION_DESIGN.md,P2
storage,Storage / box room (attic fantasy),standard,saved random middle slot,True,110x35,none,Inspect clutter; search; move and stack boxes,Memorize a box field; recover requested part; stack safely,Three clear shelving zones; movable boxes foreground,Nearest available toilet/wash point within about 3 bands; rear WC may be added after saved random placement. Never disable all essential fixtures.,"Owned interactive machinery: local failure blocks that item, shared 1-pixel casing wobble + smoke + occasional sparks; repair loop 25 game min currently. Essential care always has an alternative. Inventory and savings survive faults.",approved idea; never forced above bedroom,docs/EXPANSION_DESIGN.md,P2
food_store,Food store / larder,standard,saved random middle slot,True,110x35,kitchen; supplies,Store ingredients; plan meals; preserve surplus,Sort food by storage need; prepare varied meal basket,Dry shelves left; cool cabinet centre; basket station right,Nearest available toilet/wash point within about 3 bands; rear WC may be added after saved random placement. Never disable all essential fixtures.,"Owned interactive machinery: local failure blocks that item, shared 1-pixel casing wobble + smoke + occasional sparks; repair loop 25 game min currently. Essential care always has an alternative. Inventory and savings survive faults.",discussed system link; room form review,docs/EXPANSION_DESIGN.md,P2
dining,Dining room,standard,saved random middle slot,True,110x35,kitchen; visitors; table migration,Meals; table setting; celebrations,Set correct places; serve varied meal; welcome visitor,Table centre; serving hatch left; dishes right,Nearest available toilet/wash point within about 3 bands; rear WC may be added after saved random placement. Never disable all essential fixtures.,"Owned interactive machinery: local failure blocks that item, shared 1-pixel casing wobble + smoke + occasional sparks; repair loop 25 game min currently. Essential care always has an alternative. Inventory and savings survive faults.",approved idea,docs/EXPANSION_DESIGN.md,P2
bank,Bank / savings room,standard,saved random middle slot,True,110x35,allowance; persistent savings,Count coins; deposit; withdraw; plan upgrade,Keep some allowance across days; verify counted receipt,Counter left; tube centre; safe right; readable account display,Nearest available toilet/wash point within about 3 bands; rear WC may be added after saved random placement. Never disable all essential fixtures.,"Owned interactive machinery: local failure blocks that item, shared 1-pixel casing wobble + smoke + occasional sparks; repair loop 25 game min currently. Essential care always has an alternative. Inventory and savings survive faults.",review: capped interest amount and interval; balances never break,docs/EXPANSION_DESIGN.md,P2
cinema,Cinema,standard,saved random middle slot,True,110x35,power; visitors,Fictional films; scene sequencing; adventure replays,Restore projector; order scenes; host screening,Screen left; benches centre; projector right,Nearest available toilet/wash point within about 3 bands; rear WC may be added after saved random placement. Never disable all essential fixtures.,"Owned interactive machinery: local failure blocks that item, shared 1-pixel casing wobble + smoke + occasional sparks; repair loop 25 game min currently. Essential care always has an alternative. Inventory and savings survive faults.",approved idea,docs/EXPANSION_DESIGN.md,P2
games,Games hall,standard,saved random middle slot,True,110x35,games cabinet migration,Snooker; table tennis; darts; table football; board games,"Complete aiming, timing and arithmetic rounds",One folding central table; replaceable game surface; wall darts,Nearest available toilet/wash point within about 3 bands; rear WC may be added after saved random placement. Never disable all essential fixtures.,"Owned interactive machinery: local failure blocks that item, shared 1-pixel casing wobble + smoke + occasional sparks; repair loop 25 game min currently. Essential care always has an alternative. Inventory and savings survive faults.",review: rotate game stations; cannot display all at once,docs/EXPANSION_DESIGN.md,P2
playroom,Playroom,standard,saved random middle slot,True,110x35,none,Ball-pit search; soft play; trampoline timing,Find clue ball; traverse short course; time bounce,Pit left; soft obstacles centre; trampoline right,Nearest available toilet/wash point within about 3 bands; rear WC may be added after saved random placement. Never disable all essential fixtures.,"Owned interactive machinery: local failure blocks that item, shared 1-pixel casing wobble + smoke + occasional sparks; repair loop 25 game min currently. Essential care always has an alternative. Inventory and savings survive faults.",approved idea,docs/EXPANSION_DESIGN.md,P2
imagination,Imagination / themed room,standard,saved random middle slot,True,110x35,curated theme unlocks,Six scene puzzles on a reusable stage,Discover theme clue; complete its bespoke puzzle,One 105x35 interchangeable set; clear movement lane; control pedestal,Nearest available toilet/wash point within about 3 bands; rear WC may be added after saved random placement. Never disable all essential fixtures.,"Owned interactive machinery: local failure blocks that item, shared 1-pixel casing wobble + smoke + occasional sparks; repair loop 25 game min currently. Essential care always has an alternative. Inventory and savings survive faults.",review: theme selection and reward rules,docs/EXPANSION_DESIGN.md,P2
zero_gravity,Zero-gravity room,standard,saved random middle slot,True,110x35,observatory; stored power,Float rings; orbit puzzle; recover floating items; astronaut training,Solve orbit sequence; reserve battery power; pass short floating course,Sealed entrance left; rings centre; padded nets and controls right,Nearest available toilet/wash point within about 3 bands; rear WC may be added after saved random placement. Never disable all essential fixtures.,"Owned interactive machinery: local failure blocks that item, shared 1-pixel casing wobble + smoke + occasional sparks; repair loop 25 game min currently. Essential care always has an alternative. Inventory and savings survive faults.",review: power unit and costume silhouette,docs/EXPANSION_DESIGN.md,P2
conservatory,Conservatory,standard,saved random middle slot,True,110x35,decorative plants; visitors,Tea; read; social visits; tame overgrowth,Identify plant needs; arrange reading nook; host tea,Plants left; tea bench centre; reading seat right,Nearest available toilet/wash point within about 3 bands; rear WC may be added after saved random placement. Never disable all essential fixtures.,"Owned interactive machinery: local failure blocks that item, shared 1-pixel casing wobble + smoke + occasional sparks; repair loop 25 game min currently. Essential care always has an alternative. Inventory and savings survive faults.",approved idea; indoor leisure not food greenhouse,docs/EXPANSION_DESIGN.md,P2
pub,Family-friendly pub / inn,standard,saved random middle slot,True,110x35,visitors; kitchen,Lemonade; cocoa; meals; quizzes; dominoes; darts; stories,Prepare drink; solve team quiz; host storytelling,Counter left; tables centre; games right; rear guest WC,Nearest available toilet/wash point within about 3 bands; rear WC may be added after saved random placement. Never disable all essential fixtures.,"Owned interactive machinery: local failure blocks that item, shared 1-pixel casing wobble + smoke + occasional sparks; repair loop 25 game min currently. Essential care always has an alternative. Inventory and savings survive faults.",review: name; soft drinks only,docs/EXPANSION_DESIGN.md,P2
pool,Swimming-pool floor,standard,saved random middle slot,True,110x35,boiler; pump; changing annex,Lengths; float; splash; retrieve; gentle rescue,Check water; use ladder; retrieve float; demonstrate rescue,Water ~90 percent; narrow foreground tile edge; ladder right; bathroom annex,Nearest available toilet/wash point within about 3 bands; rear WC may be added after saved random placement. Never disable all essential fixtures.,"Owned interactive machinery: local failure blocks that item, shared 1-pixel casing wobble + smoke + occasional sparks; repair loop 25 game min currently. Essential care always has an alternative. Inventory and savings survive faults.",approved idea; bathroom annex preserves large water area,docs/EXPANSION_DESIGN.md,P2
gym,Gym,standard,saved random middle slot,True,110x35,exercise equipment migration,Exercise; balance; comic flex and headstand,Sequence warm-up; balance course; short varied workout,Exercise station left; mat centre; showers in annex right,Nearest available toilet/wash point within about 3 bands; rear WC may be added after saved random placement. Never disable all essential fixtures.,"Owned interactive machinery: local failure blocks that item, shared 1-pixel casing wobble + smoke + occasional sparks; repair loop 25 game min currently. Essential care always has an alternative. Inventory and savings survive faults.",discussed; detailed equipment proposal,docs/EXPANSION_DESIGN.md,P2
boiler,Boiler room,standard,saved random middle slot,True,110x35,fuel or power; water services,Heat; pressure diagnosis; reset and test tap,Read pressure; select pipe/fuse/reset; test hot tap,Boiler centre; pipes left; gauge and service panel right,Nearest available toilet/wash point within about 3 bands; rear WC may be added after saved random placement. Never disable all essential fixtures.,"Owned interactive machinery: local failure blocks that item, shared 1-pixel casing wobble + smoke + occasional sparks; repair loop 25 game min currently. Essential care always has an alternative. Inventory and savings survive faults.","approved idea; failure degrades water, never disables toilets",docs/EXPANSION_DESIGN.md,P2
lair,Hidden underground lair,underground,concealed below terrain; revealed only on unlock,False,110x35,Strange Rumblings mission,Gadgets; games; secret discoveries,"Current mission counts digging, visitors and quiz clues; future bespoke mechanism puzzle proposed",Console left; gadget bench right; concealed rock walls,Shared nearest-fixture rule; boiler failure permits cold washing and leaves toilets usable.,"Owned interactive machinery: local failure blocks that item, shared 1-pixel casing wobble + smoke + occasional sparks; repair loop 25 game min currently. Essential care always has an alternative. Inventory and savings survive faults.",runtime hook; terrain reveal only on unlock,docs/EXPANSION_DESIGN.md,P1
ensuite,Bedroom en suite,subroom,inside parent; no independent slot,False,36x35,bedroom,Wash; brush teeth; loo,Essential from day one,Within bedroom x74..110; opaque privacy door; basin then loo,Shared nearest-fixture rule; boiler failure permits cold washing and leaves toilets usable.,"Owned interactive machinery: local failure blocks that item, shared 1-pixel casing wobble + smoke + occasional sparks; repair loop 25 game min currently. Essential care always has an alternative. Inventory and savings survive faults.",locked; no independent stack slot,docs/PRODUCTION_ASSET_KIT.md; docs/CODEX_BRIEF.md,P2
pool_changing,Pool changing / bathrooms,service_bay,rear amenity bay attached to parent,False,66x35,pool,Hidden outfit swap; shower; wash; loo,Included with pool; basic needs never gated,66x35 rear annex; cubicle left; basin and loo right,Shared nearest-fixture rule; boiler failure permits cold washing and leaves toilets usable.,"Owned interactive machinery: local failure blocks that item, shared 1-pixel casing wobble + smoke + occasional sparks; repair loop 25 game min currently. Essential care always has an alternative. Inventory and savings survive faults.",proposal footprint; swimming suit reused,docs/EXPANSION_DESIGN.md,P2
gym_changing,Gym changing / shower,service_bay,rear amenity bay attached to parent,False,66x35,gym,Wash; loo; dress,Included with gym,66x35 rear annex; shower left; fixtures right,Shared nearest-fixture rule; boiler failure permits cold washing and leaves toilets usable.,"Owned interactive machinery: local failure blocks that item, shared 1-pixel casing wobble + smoke + occasional sparks; repair loop 25 game min currently. Essential care always has an alternative. Inventory and savings survive faults.",proposal footprint,docs/EXPANSION_DESIGN.md,P2
pub_wc,Guest toilet,service_bay,rear amenity bay attached to parent,False,44x35,pub,Wash; loo,Included with inn,44x35 rear service bay; privacy screens,Shared nearest-fixture rule; boiler failure permits cold washing and leaves toilets usable.,"Owned interactive machinery: local failure blocks that item, shared 1-pixel casing wobble + smoke + occasional sparks; repair loop 25 game min currently. Essential care always has an alternative. Inventory and savings survive faults.",proposal footprint,docs/EXPANSION_DESIGN.md,P2
service_wc,Distributed service WC,service_bay,rear amenity bay attached to parent,False,44x35,walking-distance policy,Wash; loo,Add where saved layout exceeds three-band access target,44x35 rear bay; repeated fixture kit,Shared nearest-fixture rule; boiler failure permits cold washing and leaves toilets usable.,"Owned interactive machinery: local failure blocks that item, shared 1-pixel casing wobble + smoke + occasional sparks; repair loop 25 game min currently. Essential care always has an alternative. Inventory and savings survive faults.",review: placement hook; never all fixtures broken at once,docs/EXPANSION_DESIGN.md,P2
bath,Bath / laundry service possibility,service_bay,rear amenity bay attached to parent,False,55x35,boiler; water; possible future laundry,Bath; wash clothes,Diagnose water; sort garments; test service,Proposed 55x35 utility bay; tub left; washer right,Shared nearest-fixture rule; boiler failure permits cold washing and leaves toilets usable.,"Owned interactive machinery: local failure blocks that item, shared 1-pixel casing wobble + smoke + occasional sparks; repair loop 25 game min currently. Essential care always has an alternative. Inventory and savings survive faults.",discussed optional systems; do not produce until chosen,docs/EXPANSION_DESIGN.md,P2
lift,Lift service core,service_core,aligned service core; follows saved floor exits,False,22x35,current Puffed Out requires five above-ground floors,Fast travel; repair doors,Current mission; future safe load and door test,22x35 repeatable landing bay; vertical shaft extends with saved stack,Shared nearest-fixture rule; boiler failure permits cold washing and leaves toilets usable.,"Owned interactive machinery: local failure blocks that item, shared 1-pixel casing wobble + smoke + occasional sparks; repair loop 25 game min currently. Essential care always has an alternative. Inventory and savings survive faults.",review: rear versus side core; do not create final shaft art,docs/EXPANSION_DESIGN.md,P1
stairs,Ladders / spiral stair core,service_core,aligned service core; follows saved floor exits,False,10x35,none,Travel upward and downward,Basic ladder available; stair upgrade route exercise proposed,10x35 repeatable rear access lane,Shared nearest-fixture rule; boiler failure permits cold washing and leaves toilets usable.,"Owned interactive machinery: local failure blocks that item, shared 1-pixel casing wobble + smoke + occasional sparks; repair loop 25 game min currently. Essential care always has an alternative. Inventory and savings survive faults.",runtime stairs exist; transport tiers proposed,docs/EXPANSION_DESIGN.md; HANDOFF_TO_CLAUDE.md,P2
slide,Helter-skelter transport,service_core,aligned service core; follows saved floor exits,False,14x35,tower height; dynamic exits,Fast downward travel; clear jam,Plot exit route; test flap; retrieve laundry,14x35 tube segment beside core; one exit each saved floor,Shared nearest-fixture rule; boiler failure permits cold washing and leaves toilets usable.,"Owned interactive machinery: local failure blocks that item, shared 1-pixel casing wobble + smoke + occasional sparks; repair loop 25 game min currently. Essential care always has an alternative. Inventory and savings survive faults.",review: core clearance and exact wrapping; no final art,docs/EXPANSION_DESIGN.md,P2
dive,Bedroom dive / two-door changing bay,extension,parent-attached bay; integer structural seam,False,55x35,bedroom; safe sea; outfit,Hidden change; board dive; sea splash,Test doors; demonstrate swimming; choose safe weather,Bedroom-local seam x117; hidden x118..130; exit x135; board beyond,Shared nearest-fixture rule; boiler failure permits cold washing and leaves toilets usable.,"Owned interactive machinery: local failure blocks that item, shared 1-pixel casing wobble + smoke + occasional sparks; repair loop 25 game min currently. Essential care always has an alternative. Inventory and savings survive faults.",locked attachment; playable hook absent; final length review,docs/EXPANSION_DESIGN.md,P2
bbq,Kitchen BBQ balcony,extension,parent-attached bay; integer structural seam,False,55x35,kitchen; ingredients; safe weather,Grill; picnic; feed visitor,Find dry weather; safe ignition; cook varied meal,55x35 kitchen-attached bay; grill left; prep shelf right,Shared nearest-fixture rule; boiler failure permits cold washing and leaves toilets usable.,"Owned interactive machinery: local failure blocks that item, shared 1-pixel casing wobble + smoke + occasional sparks; repair loop 25 game min currently. Essential care always has an alternative. Inventory and savings survive faults.",approved idea; strong wind/lightning blocks regardless tier,docs/EXPANSION_DESIGN.md,P2
hot_tub,Gym hot-tub cantilever,extension,parent-attached bay; integer structural seam,False,55x35,gym; boiler; pump,Soak; socialize; winter comfort,Test heat and pump; select safe temperature,55x35 gym-attached platform; tub centre; rail and access left,Shared nearest-fixture rule; boiler failure permits cold washing and leaves toilets usable.,"Owned interactive machinery: local failure blocks that item, shared 1-pixel casing wobble + smoke + occasional sparks; repair loop 25 game min currently. Essential care always has an alternative. Inventory and savings survive faults.",approved idea; structure needs review,docs/EXPANSION_DESIGN.md,P2
caged_trampoline,Exterior caged trampoline,extension,parent-attached bay; integer structural seam,False,55x35,playroom; safe weather,Timing; comic high bounce,Test cage; land three timed bounces,55x35 playroom bay; spring bed centre; tall safety cage,Shared nearest-fixture rule; boiler failure permits cold washing and leaves toilets usable.,"Owned interactive machinery: local failure blocks that item, shared 1-pixel casing wobble + smoke + occasional sparks; repair loop 25 game min currently. Essential care always has an alternative. Inventory and savings survive faults.",review: maximum bounce and roof camera hook,docs/EXPANSION_DESIGN.md,P2
bowling,Bowling alley telescopic bay,extension,parent-attached bay; integer structural seam,False,165x35,long horizontal island expansion,Aim; timing; scoring,Align lane; roll controlled bowl; count score,165x35 bay; release left; pins right,Shared nearest-fixture rule; boiler failure permits cold washing and leaves toilets usable.,"Owned interactive machinery: local failure blocks that item, shared 1-pixel casing wobble + smoke + occasional sparks; repair loop 25 game min currently. Essential care always has an alternative. Inventory and savings survive faults.",review: parent attachment and expansion clearance,docs/EXPANSION_DESIGN.md,P2
kitchen_bay,Expanded kitchen bay,extension,parent-attached bay; integer structural seam,False,55x35,kitchen; cooking progression,Batch meals; visitor cooking,Prepare multi-course meal; allocate burners,55x35 kitchen bay; extra work surfaces and utility seam,Shared nearest-fixture rule; boiler failure permits cold washing and leaves toilets usable.,"Owned interactive machinery: local failure blocks that item, shared 1-pixel casing wobble + smoke + occasional sparks; repair loop 25 game min currently. Essential care always has an alternative. Inventory and savings survive faults.",discussed architecture; not replacement for fixed core,docs/EXPANSION_DESIGN.md; HANDOFF_TO_CLAUDE.md,P2
gaming_bay,Gaming extension,extension,parent-attached bay; integer structural seam,False,55x35,computer or living parent,Curated games; cooperative puzzles,Solve cooperative puzzle and choose station,55x35 parent bay; console left; seat right,Shared nearest-fixture rule; boiler failure permits cold washing and leaves toilets usable.,"Owned interactive machinery: local failure blocks that item, shared 1-pixel casing wobble + smoke + occasional sparks; repair loop 25 game min currently. Essential care always has an alternative. Inventory and savings survive faults.",review: parent and distinction from lair/games hall,docs/EXPANSION_DESIGN.md; HANDOFF_TO_CLAUDE.md,P2
roof,Lamp-room roof / parachute launch,extension,parent-attached bay; integer structural seam,False,110x20,maximum tower; wind safety,Late comic parachute descent,Demonstrate safe landing; select calm forecast,110x20 roof; launch hatch; clear lamp beam,Shared nearest-fixture rule; boiler failure permits cold washing and leaves toilets usable.,"Owned interactive machinery: local failure blocks that item, shared 1-pixel casing wobble + smoke + occasional sparks; repair loop 25 game min currently. Essential care always has an alternative. Inventory and savings survive faults.",possible late idea; maximum height and safety decision unresolved,docs/EXPANSION_DESIGN.md; HANDOFF_TO_CLAUDE.md,P2
garden,Garden / raised beds,island,island/shore terrace; no tower stack position,False,55x25,mission unlock; seed supplies,Grow; harvest; water; dig,Choose sunny site; match seeds; nurture and harvest mixed crop,55x25 patch; three crop slots; fence edge,Shared nearest-fixture rule; boiler failure permits cold washing and leaves toilets usable.,"Owned interactive machinery: local failure blocks that item, shared 1-pixel casing wobble + smoke + occasional sparks; repair loop 25 game min currently. Essential care always has an alternative. Inventory and savings survive faults.",mission design proposed; absent day one in final design,docs/EXPANSION_DESIGN.md,P2
greenhouse,Food greenhouse,island,island/shore terrace; no tower stack position,False,66x35,garden; irrigation,Protected crops; water; repair glass,Balance water; grow varied crop; replace glass panel,66x35 glass house; beds left; irrigation right,Shared nearest-fixture rule; boiler failure permits cold washing and leaves toilets usable.,"Owned interactive machinery: local failure blocks that item, shared 1-pixel casing wobble + smoke + occasional sparks; repair loop 25 game min currently. Essential care always has an alternative. Inventory and savings survive faults.",proposed separate place or garden tier 3 same asset,docs/EXPANSION_DESIGN.md,P2
orchard,Orchard,island,island/shore terrace; no tower stack position,False,88x40,island expansion; planting,Fruit; pruning; harvest,Identify saplings; plan spacing; harvest seasonal fruit,88x40 terrace; trees in three zones; clear walkway,Shared nearest-fixture rule; boiler failure permits cold washing and leaves toilets usable.,"Owned interactive machinery: local failure blocks that item, shared 1-pixel casing wobble + smoke + occasional sparks; repair loop 25 game min currently. Essential care always has an alternative. Inventory and savings survive faults.",approved expansion idea; season simulation review,docs/EXPANSION_DESIGN.md,P2
jetty,Jetty / harbour,island,island/shore terrace; no tower stack position,False,55x15,mission unlock; shoreline,Fish; launch; load supplies,Tie knots; select safe tide; catch and identify fish,55x15 dock; floor plane stable; water below,Shared nearest-fixture rule; boiler failure permits cold washing and leaves toilets usable.,"Owned interactive machinery: local failure blocks that item, shared 1-pixel casing wobble + smoke + occasional sparks; repair loop 25 game min currently. Essential care always has an alternative. Inventory and savings survive faults.",owned repairable; fishing remains reachable,docs/EXPANSION_DESIGN.md,P2
boathouse,Boathouse / indoor dry dock,island,island/shore terrace; no tower stack position,False,110x50,shoreline expansion; boat; weather,Launch; fuel; clean; repair; load; berth upgrades,Open inlet; check hull; load supplies; safe practice trip,110x50 shore facility; water berth centre; repair bench left; fuel and doors right,Shared nearest-fixture rule; boiler failure permits cold washing and leaves toilets usable.,"Owned interactive machinery: local failure blocks that item, shared 1-pixel casing wobble + smoke + occasional sparks; repair loop 25 game min currently. Essential care always has an alternative. Inventory and savings survive faults.",approved replacement for garage; capacity/fuel tuning proposal,docs/EXPANSION_DESIGN.md,P2
shop,Off-island shop,destination,off-island; boat route,False,66x35,boat; safe route,Buy supplies; reserve orders; meet proprietor,Early route puzzle and first shopping trip,66x35 destination; shopfront left; landing right,Shared nearest-fixture rule; boiler failure permits cold washing and leaves toilets usable.,Proprietor-owned; never keeper repair queue. Weather may prevent travel.,not keeper-owned; no broken or repair state,docs/EXPANSION_DESIGN.md,P2
coop,Chicken coop,island,island/shore terrace; no tower stack position,False,55x35,mission unlock; food,Feed; eggs; tidy; latch repair,Build latch; identify feed; care routine with distinct tasks,55x35 patch; coop left; run right,Shared nearest-fixture rule; boiler failure permits cold washing and leaves toilets usable.,"Owned interactive machinery: local failure blocks that item, shared 1-pixel casing wobble + smoke + occasional sparks; repair loop 25 game min currently. Essential care always has an alternative. Inventory and savings survive faults.",approved idea; no day-one coop,docs/EXPANSION_DESIGN.md,P2
lido,Outdoor pool / lido,island,island/shore terrace; no tower stack position,False,110x45,boiler; water pump; expanded terrace,Swim; float; picnic; gentle rescue,Check water; rescue float; warm pool,110x45 terrace; large water basin and tiled edge,Shared nearest-fixture rule; boiler failure permits cold washing and leaves toilets usable.,"Owned interactive machinery: local failure blocks that item, shared 1-pixel casing wobble + smoke + occasional sparks; repair loop 25 game min currently. Essential care always has an alternative. Inventory and savings survive faults.",approved spectacle idea; footprint proposal,docs/EXPANSION_DESIGN.md,P2
rescue,Rescue station / helipad,island,island/shore terrace; no tower stack position,False,110x40,radio; weather; rescue gear,Prepare equipment; signal; rescue dispatch,Relay location; choose gear; secure terrace,110x40 cliff terrace; pad centre; equipment left,Shared nearest-fixture rule; boiler failure permits cold washing and leaves toilets usable.,"Owned interactive machinery: local failure blocks that item, shared 1-pixel casing wobble + smoke + occasional sparks; repair loop 25 game min currently. Essential care always has an alternative. Inventory and savings survive faults.",review: rescue vehicle and playable dispatch,docs/EXPANSION_DESIGN.md,P2
wind,Wind turbine,island,island/shore terrace; no tower stack position,False,44x70,power routing; wind forecast,Generate; brake; clear mechanical fault,Secure foundation; match windy site; route circuit,44x70 terrace; mast vertical; stable base,Shared nearest-fixture rule; boiler failure permits cold washing and leaves toilets usable.,"Owned interactive machinery: local failure blocks that item, shared 1-pixel casing wobble + smoke + occasional sparks; repair loop 25 game min currently. Essential care always has an alternative. Inventory and savings survive faults.",approved expansion idea; power units proposed,docs/EXPANSION_DESIGN.md,P2
funicular,Cliff funicular,island,island/shore terrace; no tower stack position,False,55x70,cliff track to jetty; power,Ride; carry supplies; repair track,Align track; test brake; deliver crate,55x70 cliff route; two terminal stations,Shared nearest-fixture rule; boiler failure permits cold washing and leaves toilets usable.,"Owned interactive machinery: local failure blocks that item, shared 1-pixel casing wobble + smoke + occasional sparks; repair loop 25 game min currently. Essential care always has an alternative. Inventory and savings survive faults.",review: island levels and route length,docs/EXPANSION_DESIGN.md,P2
geothermal,Geothermal heating plant,underground,concealed below terrain; revealed only on unlock,False,110x50,drill; heating pipe network,Heat; pressure control; steam repair,Find warm ground; control pressure; test hot tap,110x50 below new terrace; drill left; exchanger right,Shared nearest-fixture rule; boiler failure permits cold washing and leaves toilets usable.,"Owned interactive machinery: local failure blocks that item, shared 1-pixel casing wobble + smoke + occasional sparks; repair loop 25 game min currently. Essential care always has an alternative. Inventory and savings survive faults.",approved idea; below terrain not standard stack,docs/EXPANSION_DESIGN.md,P2
sea_tunnel,Sea-life underwater tunnel,underground,concealed below terrain; revealed only on unlock,False,165x35,shoreline expansion; seal integrity,Observe wildlife; identify habitats,Inspect seals; match species; trace safe exit,165x35 below shoreline; glass passage with clear walking lane,Shared nearest-fixture rule; boiler failure permits cold washing and leaves toilets usable.,"Owned interactive machinery: local failure blocks that item, shared 1-pixel casing wobble + smoke + occasional sparks; repair loop 25 game min currently. Essential care always has an alternative. Inventory and savings survive faults.",review: underwater stage and viewing mechanics,docs/EXPANSION_DESIGN.md,P2
satellite,Satellite dish / radio mast,island,island/shore terrace; no tower stack position,False,66x50,signal network; expanded terrace,Relay; align; signal puzzles,Decode direction; align dish; test message,66x50 terrace; dish centre; support legs and service box,Shared nearest-fixture rule; boiler failure permits cold washing and leaves toilets usable.,"Owned interactive machinery: local failure blocks that item, shared 1-pixel casing wobble + smoke + occasional sparks; repair loop 25 game min currently. Essential care always has an alternative. Inventory and savings survive faults.",approved expansion idea; no real internet,docs/EXPANSION_DESIGN.md,P2
testing_yard,Workshop testing yard,island,island/shore terrace; no tower stack position,False,110x35,workshop; island expansion,Test inventions; labour-saving machines,Assemble safe mechanism; test fault; demonstrate useful output,110x35 terrace; marked test lane; tools left; barriers right,Shared nearest-fixture rule; boiler failure permits cold washing and leaves toilets usable.,"Owned interactive machinery: local failure blocks that item, shared 1-pixel casing wobble + smoke + occasional sparks; repair loop 25 game min currently. Essential care always has an alternative. Inventory and savings survive faults.",approved expansion idea; invention scope review,docs/EXPANSION_DESIGN.md,P2
solar,Solar terraces / folding wall array,island,island/shore terrace; no tower stack position,False,110x35,power cut; forecasts; battery; circuit puzzle,Charge; prioritize lamp/boiler/lift; clear snow; repair glass,Find sunny site; repair circuit; route battery to lamp,Basic 22x12 rail panel; mid 44x24 folding array; top 110x35 island field,Shared nearest-fixture rule; boiler failure permits cold washing and leaves toilets usable.,"Owned interactive machinery: local failure blocks that item, shared 1-pixel casing wobble + smoke + occasional sparks; repair loop 25 game min currently. Essential care always has an alternative. Inventory and savings survive faults.","review: tier 4 sun tracker considered optional, not silently removed",docs/EXPANSION_DESIGN.md,P2
solar_tracker,Comic sun-tracking array,island,island/shore terrace; no tower stack position,False,66x35,solar; tracking decision,Track sun; reset mistaken bright-target tracking,Compare sky targets; calibrate sensor,66x35 solar terrace add-on; tracking mount on stable base,Shared nearest-fixture rule; boiler failure permits cold washing and leaves toilets usable.,"Owned interactive machinery: local failure blocks that item, shared 1-pixel casing wobble + smoke + occasional sparks; repair loop 25 game min currently. Essential care always has an alternative. Inventory and savings survive faults.",discussed fourth tier; separate optional module pending approval,docs/EXPANSION_DESIGN.md,P2
castle_theme,Castle theme,theme,inside imagination room; interchangeable set,False,105x35,imagination room,Shield sequence; rescue toy,Match heraldry then solve drawbridge sequence,Same 105x35 set; gate left; toy castle centre,Shared nearest-fixture rule; boiler failure permits cold washing and leaves toilets usable.,"Owned interactive machinery: local failure blocks that item, shared 1-pixel casing wobble + smoke + occasional sparks; repair loop 25 game min currently. Essential care always has an alternative. Inventory and savings survive faults.",discussed variant; no stack slot,docs/EXPANSION_DESIGN.md,P2
space_theme,Space-station theme,theme,inside imagination room; interchangeable set,False,105x35,imagination room,Orbit ordering; docking puzzle,Place planets then dock toy capsule,Same 105x35 set; star panel and docking port,Shared nearest-fixture rule; boiler failure permits cold washing and leaves toilets usable.,"Owned interactive machinery: local failure blocks that item, shared 1-pixel casing wobble + smoke + occasional sparks; repair loop 25 game min currently. Essential care always has an alternative. Inventory and savings survive faults.",discussed variant; distinct from permanent zero-gravity room,docs/EXPANSION_DESIGN.md,P2
pirate_theme,Pirate-ship theme,theme,inside imagination room; interchangeable set,False,105x35,imagination room,Chart clues; knot sequence,Plot toy treasure route and tie knot,Same 105x35 set; helm left; chart right,Shared nearest-fixture rule; boiler failure permits cold washing and leaves toilets usable.,"Owned interactive machinery: local failure blocks that item, shared 1-pixel casing wobble + smoke + occasional sparks; repair loop 25 game min currently. Essential care always has an alternative. Inventory and savings survive faults.",discussed variant,docs/EXPANSION_DESIGN.md,P2
jungle_theme,Jungle theme,theme,inside imagination room; interchangeable set,False,105x35,imagination room,Animal clues; vine path,Match tracks then cross short path,Same 105x35 set; tracks left; vines right,Shared nearest-fixture rule; boiler failure permits cold washing and leaves toilets usable.,"Owned interactive machinery: local failure blocks that item, shared 1-pixel casing wobble + smoke + occasional sparks; repair loop 25 game min currently. Essential care always has an alternative. Inventory and savings survive faults.",discussed variant,docs/EXPANSION_DESIGN.md,P2
haunted_theme,Gentle haunted theme,theme,inside imagination room; interchangeable set,False,105x35,imagination room,Sound matching; hidden toy,Identify silly sound then find puppet,Same 105x35 set; puppet box centre,Shared nearest-fixture rule; boiler failure permits cold washing and leaves toilets usable.,"Owned interactive machinery: local failure blocks that item, shared 1-pixel casing wobble + smoke + occasional sparks; repair loop 25 game min currently. Essential care always has an alternative. Inventory and savings survive faults.",discussed variant; child-friendly,docs/EXPANSION_DESIGN.md,P2
arctic_theme,Arctic-base theme,theme,inside imagination room; interchangeable set,False,105x35,imagination room,Warmth routing; ice rescue,Route pretend heat and rescue toy penguin,Same 105x35 set; pretend generator left; ice right,Shared nearest-fixture rule; boiler failure permits cold washing and leaves toilets usable.,"Owned interactive machinery: local failure blocks that item, shared 1-pixel casing wobble + smoke + occasional sparks; repair loop 25 game min currently. Essential care always has an alternative. Inventory and savings survive faults.",discussed variant,docs/EXPANSION_DESIGN.md,P2
garage,Garage (superseded),retired,no placement; superseded,False,0x0,none,Historical idea replaced by water-filled boathouse,No unlock; do not implement,No allocated geometry,Shared nearest-fixture rule; boiler failure permits cold washing and leaves toilets usable.,"Owned interactive machinery: local failure blocks that item, shared 1-pixel casing wobble + smoke + occasional sparks; repair loop 25 game min currently. Essential care always has an alternative. Inventory and savings survive faults.",retired: boathouse replaces garage,docs/EXPANSION_DESIGN.md,P2
