room,object,tier,name,price,perk,sprite,normal,working,broken,notes
kitchen,cooker,1,Basic oven,0,,obj_cooker,todo,todo,todo,
kitchen,cooker,2,Two-oven range,25,Meals cook quicker; room to cook two things at once,obj_cooker_t2,todo,todo,todo,
kitchen,cooker,3,Fancy professional kitchen,50,Unlocks posh recipes in the cooking mini game,obj_cooker_t3,todo,todo,todo,
kitchen,fridge,1,Small under-counter fridge,0,Holds a few things,obj_fridge,todo,todo,todo,
kitchen,fridge,2,Fridge-freezer,20,Better food storage: holds more and food keeps longer,obj_fridge_t2,todo,todo,todo,
kitchen,fridge,3,American-style fridge,40,Holds loads; ice and water dispenser; the pet cannot steal from it,obj_fridge_t3,todo,todo,todo,
kitchen,door,1,Old wooden door,0,,obj_door,todo,n/a,todo,
kitchen,door,2,Door with knocker and peephole,15,See who is coming before they knock,obj_door_t2,todo,n/a,todo,
kitchen,door,3,Smart door with doorbell camera,35,Visitors wait longer before giving up,obj_door_t3,todo,n/a,todo,
kitchen,broom,1,Broom,0,,obj_broom,todo,todo,todo,
kitchen,broom,2,Hoover,20,Tidies quicker,obj_broom_t2,todo,todo,todo,
kitchen,broom,3,Robot hoover,45,Does a bit of tidying by itself each day (comic faults when broken),obj_broom_t3,todo,todo,todo,
kitchen,petbowl,1,Plain pet bowl,0,,obj_petbowl,todo,todo,todo,
kitchen,petbowl,2,Bowl with the pet's name on it,10,Pet is happier when fed,obj_petbowl_t2,todo,todo,todo,
kitchen,petbowl,3,Automatic feeder,30,Feeds the pet at breakfast by itself,obj_petbowl_t3,todo,todo,todo,
living,tv,1,Old box telly,0,,obj_tv,done,done,done,
living,tv,2,Big flat-screen TV,25,More fun per show,obj_tv_t2,todo,todo,todo,
living,tv,3,Cinema wall with surround sound,50,Visitors love film night (extra company),obj_tv_t3,todo,todo,todo,
living,bookshelf,1,Wobbly shelf,0,,obj_bookshelf,todo,todo,todo,
living,bookshelf,2,Proper bookcase,20,,obj_bookshelf_t2,todo,todo,todo,
living,bookshelf,3,Library wall with a ladder,40,Reading helps with quiz questions (a hint?),obj_bookshelf_t3,todo,todo,todo,
living,piano,1,Old upright piano,0,,obj_piano,todo,todo,todo,
living,piano,2,Shiny upright piano,25,,obj_piano_t2,todo,todo,todo,
living,piano,3,Grand piano,50,Visitors ask him to play,obj_piano_t3,todo,todo,todo,
bedroom,bed,1,Creaky single bed,0,Wakes with 80% energy,obj_bed,todo,todo,todo,
bedroom,bed,2,Comfy double bed,30,Wakes with 90% energy,obj_bed_t2,todo,todo,todo,
bedroom,bed,3,Royal four-poster,55,Wakes with 100% energy,obj_bed_t3,todo,todo,todo,
bedroom,phone,1,Old dial phone,0,,obj_phone,todo,todo,todo,
bedroom,phone,2,Cordless phone,20,Can ring friends more often,obj_phone_t2,todo,todo,todo,
bedroom,phone,3,Video phone,40,Friends come round quicker,obj_phone_t3,todo,todo,todo,
bedroom,desk,1,Little desk,0,,obj_desk,todo,todo,todo,
bedroom,desk,2,Writing bureau,20,,obj_desk_t2,todo,todo,todo,
bedroom,desk,3,Inventor's desk,40,Ties in with the workshop and gadgets,obj_desk_t3,todo,todo,todo,
bedroom,basin,1,Chipped wash basin,0,,obj_basin,todo,todo,todo,
bedroom,basin,2,Basin with a shower,20,,obj_basin_t2,todo,todo,todo,
bedroom,basin,3,Spa bathroom with rainfall shower,45,Washing cheers him up too,obj_basin_t3,todo,todo,todo,
bedroom,toilet,1,Clanky loo,0,,obj_toilet,todo,todo,todo,
bedroom,toilet,2,Quiet-flush loo,15,,obj_toilet_t2,todo,todo,todo,
bedroom,toilet,3,Heated-seat loo with music,35,Funny: he does not want to come out,obj_toilet_t3,todo,todo,todo,
lamp room,telescope,1,Brass telescope,0,,obj_telescope,todo,todo,todo,
lamp room,telescope,2,Big spyglass on a stand,20,Spotting game: zoom further,obj_telescope_t2,todo,todo,todo,
lamp room,telescope,3,Observatory telescope,45,Spotting game: see rare things (whales; pirate ship),obj_telescope_t3,todo,todo,todo,
lamp room,lamp,1,Oil lamp,0,,obj_lamp,todo,todo,todo,
lamp room,lamp,2,Electric lamp,30,Burns longer,obj_lamp_t2,todo,todo,todo,
lamp room,lamp,3,Mega beam,55,Lasts all night; never needs polishing,obj_lamp_t3,todo,todo,todo,
outside,garden,1,Veg patch,0,,obj_garden,todo,todo,todo,
outside,garden,2,Raised beds,20,Grows quicker,obj_garden_t2,todo,todo,todo,
outside,garden,3,Greenhouse,45,Grows even in storms,obj_garden_t3,todo,todo,todo,
outside,jetty,1,Rickety jetty,0,,obj_jetty,todo,todo,todo,
outside,jetty,2,Proper jetty,25,Better fishing,obj_jetty_t2,todo,todo,todo,
outside,jetty,3,Harbour with boat shed,50,Boat travel starts here,obj_jetty_t3,todo,todo,todo,
outside,boat,1,Rowing boat,0,Not in the game yet: off-island shop trips,obj_boat,todo,todo,todo,
outside,boat,2,Tug,30,Quicker trips,obj_boat_t2,todo,todo,todo,
outside,boat,3,Speedboat,60,Quickest trips,obj_boat_t3,todo,todo,todo,
aquarium,tank,1,Small fish tank,0,,obj_tank,todo,todo,todo,
aquarium,tank,2,Big tank,25,,obj_tank_t2,todo,todo,todo,
aquarium,tank,3,Wall-sized reef tank,50,,obj_tank_t3,todo,todo,todo,
weather,barometer,1,Barometer,0,,obj_barometer,todo,todo,todo,
weather,barometer,2,Weather instruments,20,Warns of storms earlier,obj_barometer_t2,todo,todo,todo,
weather,barometer,3,Weather computer,45,,obj_barometer_t3,todo,todo,todo,
weather,radio,1,Crackly radio,0,,obj_radio,todo,todo,todo,
weather,radio,2,Ship-to-shore radio,20,,obj_radio_t2,todo,todo,todo,
weather,radio,3,Coastguard radio desk,45,,obj_radio_t3,todo,todo,todo,
lair,console,1,Old computer,0,,obj_console,todo,todo,todo,
lair,console,2,Gaming PC,25,,obj_console_t2,todo,todo,todo,
lair,console,3,Supercomputer wall,55,,obj_console_t3,todo,todo,todo,
lair,gadgets,1,Workbench,0,,obj_gadgets,todo,todo,todo,
lair,gadgets,2,Gadget bench,25,,obj_gadgets_t2,todo,todo,todo,
lair,gadgets,3,Robot lab,55,,obj_gadgets_t3,todo,todo,todo,
